,by,descendants,id,kids,score,time,title,type,url,text
0,JoeyBananas,14.0,36921552,"[36922336, 36921938, 36922862, 36922287, 36922708, 36922254, 36922374, 36922212, 36922284]",87,1690646655,"“Gzip beats BERT?” Part 2: dataset issues, improved speed, and results",story,https://kenschutte.com/gzip-knn-paper2/,
1,giuliomagnifico,41.0,36921808,"[36922533, 36922614, 36922572, 36922282, 36922223, 36922662, 36922345, 36922172, 36922651, 36922295, 36922895, 36922427, 36922510, 36922488, 36922190]",56,1690648081,Researchers Discover New Vulnerability in Large Language Models,story,https://www.cmu.edu/news/stories/archives/2023/july/researchers-discover-new-vulnerability-in-large-language-models,
2,keiferski,58.0,36920010,"[36922908, 36920535, 36921188, 36921056, 36920668, 36920398, 36922181, 36921947, 36921453, 36921737, 36920467, 36920753, 36921844, 36921618, 36920496, 36922435, 36920363, 36921605]",120,1690636629,Cyberdecks (2013),story,https://blog.rfox.eu/en/Hardware/Cyberdecks.html,
3,zhte415,36.0,36919659,"[36921990, 36921369, 36922522, 36920413, 36920409, 36920842, 36921764, 36922473, 36921833, 36920451, 36921480, 36921050]",177,1690634059,What Happened to Vivaldi Social?,story,https://thomasp.vivaldi.net/2023/07/28/what-happened-to-vivaldi-social/,
4,edo-codes,77.0,36918435,"[36919043, 36922904, 36922601, 36918796, 36920707, 36922299, 36919517, 36922156, 36919078, 36919753, 36920870, 36919258, 36920922, 36919430, 36920202]",230,1690622928,So you want to build your own open source chatbot,story,https://hacks.mozilla.org/2023/07/so-you-want-to-build-your-own-open-source-chatbot/,
5,ingve,11.0,36905715,"[36922490, 36922810, 36921986, 36922320, 36921818, 36922330]",50,1690546310,The future of Clang-based tooling,story,https://blog.trailofbits.com/2023/07/28/the-future-of-clang-based-tooling/,
6,saeedesmaili,13.0,36921032,"[36922391, 36921428, 36922600, 36922338]",32,1690643483,Automatic Music Playlist Generation via Simulation-Based Reinforcement Learning,story,https://research.atspotify.com/2023/07/automatic-music-playlist-generation-via-simulation-based-reinforcement-learning/,
7,malisper,,36922179,,1,1690650046,Freshpaint (YC S19) Is Hiring Engineers to Safeguard Health Data,job,https://jobs.ashbyhq.com/freshpaint/bfe56523-bff4-4ca3-936b-0ba15fb4e572?utm_source=hn,
8,bookofjoe,1.0,36921898,[36922913],11,1690648532,Ed Yong is leaving The Atlantic after 8 years and 750 stories,story,https://buttondown.email/edyong209/archive/the-eds-up-an-ending/,
9,pseudolus,78.0,36891510,"[36919283, 36919921, 36922839, 36918998, 36919761, 36921077, 36920848, 36920408, 36918820, 36922057, 36919514, 36918944, 36918827]",118,1690453728,Insect memories may not survive metamorphosis,story,https://www.quantamagazine.org/insect-brains-melt-and-rewire-during-metamorphosis-20230726/,
10,joos3,53.0,36917424,"[36918124, 36919892, 36920169, 36918168, 36919518, 36920649, 36918065, 36922041, 36920589, 36918631, 36919662]",243,1690611115,U.S. Marine Corps Antenna Handbook (1999) [pdf],story,https://www.marines.mil/Portals/1/MCRP%203-40.3C%20With%20Erratum%20z.pdf,
11,penda,8.0,36922069,"[36922860, 36922763, 36922738, 36922742, 36922432]",41,1690649485,Pentagon hit by ‘critical compromise’ of US Air Force communications – report,story,https://www.theguardian.com/us-news/2023/jul/29/pentagon-us-air-force-critical-compromise,
12,PaulHoule,85.0,36920622,"[36921870, 36922155, 36922906, 36922341, 36922841, 36922693, 36922168, 36922880, 36922831, 36922182, 36922721, 36922104, 36921768, 36922304, 36921895, 36921926, 36922453]",133,1690640703,If we want a shift to walking we need to prioritize dignity,story,https://www.strongtowns.org/journal/2023/7/28/if-we-want-a-shift-to-walking-we-need-to-prioritize-dignity,
13,Foxboron,11.0,36920105,"[36921347, 36922323, 36921901, 36922422, 36921463]",37,1690637330,Show HN: ssh-tpm-agent – SSH agent for TPMs,story,https://github.com/Foxboron/ssh-tpm-agent,
14,vikrum,10.0,36908757,"[36921837, 36922044, 36922481, 36921214]",17,1690559753,Invisible Asymptotes (2018),story,https://www.eugenewei.com/blog/2018/5/21/invisible-asymptotes,
15,fwsgonzo,33.0,36917867,"[36921571, 36919646, 36922312, 36922019, 36920657, 36918236, 36919325]",105,1690616586,"Using C++ as a scripting language, part 8",story,https://fwsgonzo.medium.com/using-c-as-a-scripting-language-part-8-d366fd98676,
16,spstoyanov,1.0,36920423,[36922529],12,1690639430,Show HN: LLMFlows – LangChain alternative for explicit and transparent apps,story,https://github.com/stoyan-stoyanov/llmflows,"Hi HN! Over the last several weekends, I&#x27;ve been building LLMFlows as an alternative to langchain.<p>There&#x27;s been a lot of discussion on the shortcomings of langchain in the past few weeks, but when I first tried it in March, I thought there are 3 main problems:
1. Too many abstractions
2. Hidden prompts and opinionated logic in chains which makes it hard to customize
3. Hard to debug<p>This inspired me to try and build a framework that solves these 3 issues, and therefore I started building LLFlows with the &quot;philosophy&quot; of being &quot;simple, explicit, and transparent.&quot;<p>A few weekends later, I think I finally managed to reach a state where I feel it&#x27;s ready to be shared.<p>I would love to hear your feedback! Thank you!"
17,MichaelMoser123,0.0,36904672,,3,1690536888,"In the 17th Century, Leibniz Dreamed of a Machine That Could Calculate Ideas",story,https://spectrum.ieee.org/in-the-17th-century-leibniz-dreamed-of-a-machine-that-could-calculate-ideas,
18,b800h,45.0,36919175,"[36922562, 36921708, 36920287, 36920542, 36920895, 36921362, 36921082, 36919967, 36919185, 36920904]",121,1690630282,Ask HN: Online activities to be made impossible by the UK Online Safety Bill,story,,"I thought it might be interesting to compile a list of things which it might be impossible (or at least very difficult) for a private individual to do under the Online Safety Bill.<p>Starters for ten:<p>1) Minecraft &#x2F; MineTest server
2) IRC server
3) Mastodon server
4) BBS
5) ... please continue<p>I&#x27;m not fully sure about all this - as I understand it, if you allow chat or user generated content, you become a private service provider, and then have a host of responsibilities including annual audits of whether a significant proportion of your users are minors. If they are then you need to use a (commercial?) age verification tool and monitor everything assiduously. Difficult to see most people being able to satisfy those requirements."
19,walterbell,1.0,36901794,[36922528],8,1690503519,TMAP – On Demand Tactile Street Map,story,https://adaptations.org/products/tmap,
20,signa11,4.0,36892168,"[36922180, 36921335, 36919676]",49,1690459108,Bpfilter Is Forever,story,https://dxuuu.xyz/bpfilter.html,
21,philbo,0.0,36920630,,10,1690640736,Ways to shoot yourself in the foot with Redis,story,https://philbooth.me/blog/four-ways-to-shoot-yourself-in-the-foot-with-redis,
22,bratao,34.0,36921038,"[36922314, 36921653, 36922544, 36921583]",52,1690643536,HuggingFace Text Generation License No Longer Open-Source,story,https://github.com/huggingface/text-generation-inference/issues/726,
23,pablogsal,443.0,36913328,"[36915232, 36917722, 36915511, 36922002, 36915747, 36916422, 36914414, 36915059, 36915313, 36915721, 36913671, 36915394, 36914451, 36918166, 36915861, 36914880, 36917952, 36917301, 36913871, 36916408, 36916761, 36918363, 36917505, 36914969, 36917451, 36915210, 36915608, 36915033, 36915871, 36916274, 36917388, 36916301, 36915093, 36917621, 36917060, 36915462, 36917953, 36917334, 36915965, 36916905, 36916194, 36917720, 36915672, 36913665, 36917815, 36913645, 36917687]",412,1690578437,Intent to approve PEP 703: making the GIL optional,story,https://discuss.python.org/t/a-steering-council-notice-about-pep-703-making-the-global-interpreter-lock-optional-in-cpython/30474,
24,CHB0403085482,296.0,36918655,"[36919069, 36919108, 36919410, 36918990, 36919123, 36919620, 36921637, 36919063, 36920412, 36919116, 36918980, 36919122, 36919117, 36919868, 36920078, 36919074, 36919519, 36919133, 36920120, 36920856, 36919089, 36921317, 36919073, 36919130, 36920135, 36920435, 36919404, 36919601, 36919523, 36919402, 36919256, 36919584, 36922073, 36921169, 36919072, 36920747, 36919939, 36920473, 36918994, 36919351, 36919876, 36920996, 36921539, 36919379, 36919240]",256,1690625538,IRC is the only viable chat protocol (2022),story,https://koshka.love/babel/irc-forever.html,
25,mwenge,6.0,36904112,"[36919607, 36920197, 36920095]",34,1690530805,Iridis Alpha Theory: The Making of a C64 Classic,story,https://iridisalpha.com/,
26,WoodenChair,31.0,36916297,"[36916596, 36916940, 36916631, 36917714, 36921370]",133,1690598706,IBM Blue Lightning: World’s Fastest 386? (2014),story,https://www.os2museum.com/wp/ibm-blue-lightning-worlds-fastest-386/comment-page-1/,
27,beatthatflight,142.0,36918050,"[36919449, 36918935, 36918736, 36919572, 36918604, 36918733, 36920913, 36919719, 36919050, 36918051, 36918594, 36922392, 36918806, 36920912, 36921498, 36921008, 36920056, 36919266, 36919585, 36919858, 36919076, 36918620, 36921826, 36920531, 36919685, 36920502, 36919545, 36918852, 36919968, 36919211, 36919623, 36919124, 36918652]",210,1690618388,Facebook users have less than a month to claim a piece of the $725M settlement,story,https://www.facebookuserprivacysettlement.com/,
28,the-mitr,36.0,36904892,"[36918880, 36918571, 36919721, 36920841, 36920509, 36918595, 36911494, 36921644, 36918601, 36921137, 36912107, 36918432, 36918957]",106,1690539060,Why is c the symbol for the speed of light? (1997),story,https://math.ucr.edu/home/baez/physics/Relativity/SpeedOfLight/c.html,
29,derealized,16.0,36919981,"[36920523, 36920275, 36922395, 36920683, 36920526]",53,1690636439,The Hacker's Dictionary (2001),story,http://www.hackersdictionary.com/html/index.html,
30,donutshop,23.0,36917214,"[36917879, 36919242, 36921194, 36918556, 36918122]",79,1690608307,Ingest OpenTelemetry metrics with Prometheus natively,story,https://last9.io/blog/native-support-for-opentelemetry-metrics-in-prometheus/,
31,thunderbong,60.0,36921675,"[36922546, 36921981, 36922492, 36922502, 36922512, 36922769, 36922150, 36922404, 36922566, 36921972, 36922605, 36922022, 36922070, 36921889, 36921978]",56,1690647345,The World’s Largest Wind Turbine Has Been Switched On,story,https://www.iflscience.com/the-worlds-largest-wind-turbine-has-been-switched-on-70047,
32,carabiner,148.0,36916254,"[36916455, 36916825, 36916923, 36917470, 36919717, 36917185, 36917259, 36918141, 36916942, 36920796, 36916562, 36917678, 36917520, 36917215, 36919740]",283,1690598163,Argonne National Lab is attempting to replicate LK-99,story,https://www.science.org/content/article/spectacular-superconductor-claim-making-news-here-s-why-experts-are-doubtful,
33,drdee,16.0,36897381,"[36921937, 36919528, 36921859, 36919553, 36918346, 36919735]",39,1690479769,"Pulled from a Field in Albania, a 2,500-Year-Old Statuette Comes to Getty",story,https://www.getty.edu/news/horse-and-rider-from-albania-statuette-conservation-exhibition/,
34,alexmolas,16.0,36917782,"[36919359, 36919094, 36921858, 36919710, 36920283, 36919490, 36919169]",35,1690615570,Counting License Plates,story,https://www.alexmolas.com/2023/07/01/counting-license-plates.html,
35,overvale,0.0,36922234,,5,1690650337,Rand Turns 75: A Look Through the Decades at World-Changing Research,story,https://www.rand.org/blog/rand-review/2023/05/rand-turns-75-a-look-through-the-decades.html,
36,kentonv,209.0,36908309,"[36911490, 36909145, 36909087, 36911349, 36908995, 36909186, 36909894, 36909837, 36909258, 36910433, 36913068, 36909926, 36917477, 36916485, 36914904, 36909688, 36917059, 36911016, 36910547, 36911202, 36911314, 36909472, 36912244, 36908941, 36910769, 36910720, 36913809, 36910960]",670,1690558084,Cap'n Proto 1.0,story,https://capnproto.org/news/2023-07-28-capnproto-1.0.html,
37,fgfm,76.0,36916182,"[36922195, 36916682, 36921630, 36917629, 36919071, 36917186, 36919822, 36918752, 36916858, 36920288, 36922313, 36916183, 36919971, 36921716, 36917176, 36917966, 36919550, 36917783, 36918147, 36917266]",217,1690597491,"LPython: Novel, Fast, Retargetable Python Compiler",story,https://lpython.org/blog/2023/07/lpython-novel-fast-retargetable-python-compiler/,
38,jseliger,0.0,36921785,,7,1690647930,The Problem of Excess Genius (1997),story,https://www.visakanv.com/archives/2021/02/14/the-problem-of-excess-genius-by-david-banks-1997/,
39,TangerineDream,235.0,36909427,"[36910427, 36915309, 36913757, 36911700, 36911509, 36910325, 36909788, 36909871, 36914184, 36909766, 36910324, 36909784, 36916838, 36913899, 36910071, 36914248, 36913929, 36910113, 36911650, 36920563, 36909975, 36915120, 36910266, 36912965, 36913110, 36912898, 36910184, 36916622, 36910779, 36911511, 36919937, 36917579, 36910739, 36917211, 36915496, 36917265, 36918397, 36913424, 36910966, 36913960, 36913147, 36913237, 36910689, 36916987, 36911825, 36911671, 36910936, 36912549, 36913347, 36912243, 36909912, 36913022, 36911484, 36914326, 36915081, 36916766, 36915087, 36919846, 36918640]",469,1690562031,Why is DNS still hard to learn?,story,https://jvns.ca/blog/2023/07/28/why-is-dns-still-hard-to-learn/,
40,forgingahead,30.0,36921602,"[36922046, 36922216, 36921790, 36921877, 36921845, 36921650, 36921762, 36921777, 36921670, 36921929]",17,1690646965,Apple’s Parental Controls Are Broken,story,https://www.wsj.com/articles/apples-parental-controls-are-broken-55a2aa52,
41,ingve,4.0,36920279,"[36921943, 36921932, 36921390]",21,1690638409,ReMarkable: The Tool I Use to Enhance My Productivity – Cal Newport [video],story,https://www.youtube.com/watch?v=v1K2yTkjDXg,
42,kgwgk,0.0,36922232,,3,1690650322,Dawkins vs. Rose on whether there’s a sex binary,story,https://whyevolutionistrue.com/2023/07/27/sex-2-dawkins-vs-rose-on-whether-theres-a-sex-binary/,
43,thunderbong,78.0,36921522,"[36922207, 36922171, 36922856, 36922669, 36922704, 36922724, 36922775, 36922595, 36922570, 36922443, 36922455, 36922498, 36921726, 36922579]",54,1690646458,Samsung sees 95% drop in profits for a second consecutive quarter,story,https://www.androidauthority.com/samsung-profits-drop-by-95-percent-3351038/,
44,LinuxBender,3.0,36921767,"[36922725, 36922719]",7,1690647793,Millions of people's data stolen because web devs forget to check access perms,story,https://www.theregister.com/2023/07/29/cisa_nsa_idor_australia/,
45,KingOfCoders,506.0,36906085,"[36914140, 36912456, 36910671, 36917805, 36910495, 36910807, 36912095, 36911319, 36910412, 36910862, 36911788, 36911969, 36913272, 36910565, 36916352, 36915199, 36913093, 36911638, 36920879, 36910603, 36913803, 36906301, 36920899, 36910521, 36914434, 36913738, 36911935, 36911997, 36916907, 36913201, 36918076, 36912544, 36914298, 36912116, 36915307, 36911971, 36915650, 36913257, 36914897, 36911120, 36916461, 36917270, 36916857, 36911728, 36910896, 36911957, 36914285, 36916801, 36911612, 36920012, 36910704, 36919271, 36912337, 36913812, 36912868, 36915595, 36910484, 36914692, 36911693, 36917565, 36912602, 36915030, 36911730, 36912230, 36912010, 36911902, 36916039, 36911068, 36911844, 36912690, 36913994, 36914465, 36915450, 36911122, 36917903, 36911946, 36910722, 36910486, 36906423, 36915545, 36913704, 36913699, 36913180, 36911861, 36910914, 36911867, 36914066, 36911758, 36911813, 36910753, 36912179, 36912814, 36911047]",305,1690548863,Threads users down by more than a half,story,https://www.bbc.com/news/technology-66336058,
46,thunderbong,245.0,36906022,"[36913220, 36912672, 36907458, 36911169, 36909082, 36915447, 36908300, 36913555, 36921233, 36908970, 36908708, 36911531, 36910262, 36908788, 36908875, 36919947, 36908469, 36908444, 36909498, 36911003, 36911395, 36912553, 36916720, 36913607, 36918503, 36912234, 36910041, 36915317, 36917005, 36907570, 36906503, 36912590, 36907892, 36911933, 36909976, 36911359, 36909037, 36912826, 36911955, 36915706, 36911602, 36911346, 36910450, 36910697, 36908517, 36916204, 36913471, 36911726, 36912772, 36909742, 36909531, 36909340, 36909244]",594,1690548379,Watch TV from the 90s and earlier,story,https://my90stv.com/,
47,jbotdev,92.0,36919225,"[36920107, 36921595, 36920381, 36920138, 36920917, 36920500, 36920482, 36920438, 36919732, 36919632]",136,1690630723,US Spies Are Lobbying Congress to Save a Phone Surveillance ‘Loophole’,story,https://www.wired.com/story/nsa-ndaa-lobbying-privacy-loophole/,
48,saisrirampur,89.0,36895220,"[36903040, 36921389, 36903390, 36902667, 36898369, 36920829, 36895944, 36897500, 36901043, 36897731, 36909443, 36896338, 36905361, 36900814, 36896657, 36908100, 36895924, 36901423, 36899228, 36896037, 36902142, 36898644, 36897010, 36896331, 36907529, 36901983, 36898192, 36904324, 36896053, 36899922, 36896907, 36902213, 36897744, 36897047, 36899810, 36897391, 36895382, 36896392]",242,1690472348,"Launch HN: PeerDB (YC S23) – Fast, Native ETL/ELT for Postgres",story,,"Hi HN! I&#x27;m Sai, the co-founder and CEO of PeerDB (<a href=""https:&#x2F;&#x2F;www.peerdb.io&#x2F;"">https:&#x2F;&#x2F;www.peerdb.io&#x2F;</a>), a Postgres-first data-movement platform that makes moving data in and out of Postgres fast and simple. PeerDB is free and open (<a href=""https:&#x2F;&#x2F;github.com&#x2F;PeerDB-io&#x2F;peerdb"">https:&#x2F;&#x2F;github.com&#x2F;PeerDB-io&#x2F;peerdb</a>) and we provide a Docker stack for users to try us out. Our repo is at <a href=""https:&#x2F;&#x2F;github.com&#x2F;PeerDB-io&#x2F;peerdb"">https:&#x2F;&#x2F;github.com&#x2F;PeerDB-io&#x2F;peerdb</a> and there’s a 5-minute quickstart here: <a href=""https:&#x2F;&#x2F;docs.peerdb.io&#x2F;quickstart"">https:&#x2F;&#x2F;docs.peerdb.io&#x2F;quickstart</a>.<p>For the past 8 years, working at Microsoft on Postgres on Azure, and before that at Citus Data, I’ve worked closely with customers running Postgres at the heart of their data stack, storing anywhere from 10s of GB of data to 10s of TB.<p>This was when I got exposed to the challenges customers faced when moving data in and out of Postgres. Usually they would try existing ETL tools, fail, and decide to build in-house solutions. Common issues with these tools included painfully slow syncs - syncing 100s of GB of data took days; flaky and unreliable - frequent crashes, loss of data precision on target etc., and; feature-limited - lack of configurability, unsupported data types and so on.<p>I remember a specific scenario where a tool didn’t support something as simple as the Postgres’ COPY command to ingest data. This would have improved the throughput by orders of magnitude. We (customer and me) reached out to that company to request them to add this feature. They couldn’t prioritize this feature because it wasn’t very easy - their tech stack was designed to support 100s of connectors rather than supporting a native Postgres feature.<p>After multiple such occurrences, I thought, why not build a tool specialized for Postgres, making the lives of many Postgres users easier. I reached out to my long-time buddy Kaushik, who was building operating systems at Google and had led data teams at Safegraph and Palantir. We spent a few weeks building an MVP that streamed data in real-time from Postgres to BigQuery. It was 10 times faster than existing tools and maintained data freshness of less than 30 seconds. We realized that there were many Postgres native and infrastructural optimizations we could do to provide a rich data-movement experience for Postgres users. This is when we decided to start PeerDB!<p>We started with two main use cases: Real-time Change Data Capture from Postgres (demo: <a href=""https:&#x2F;&#x2F;docs.peerdb.io&#x2F;usecases&#x2F;realtime-cdc#demo"">https:&#x2F;&#x2F;docs.peerdb.io&#x2F;usecases&#x2F;realtime-cdc#demo</a>) and Real-time Streaming of query results from Postgres (demo: <a href=""https:&#x2F;&#x2F;docs.peerdb.io&#x2F;usecases&#x2F;realtime-streaming-of-query-results#demo"">https:&#x2F;&#x2F;docs.peerdb.io&#x2F;usecases&#x2F;realtime-streaming-of-query-...</a>). The 2nd demo shows PeerDB streaming a table with 100M rows from Postgres to Snowflake.<p>We implement multiple optimizations to provide a fast, reliable, feature-rich experience.  For performance, we can parallelize the initial load of a large table, still ensuring consistency. Syncing 100s of GB goes from days to minutes. We do this by logically partitioning the table based on internal tuple identifiers (CTID) and parallelly streaming those partitions (inspired by this DuckDB blog - <a href=""https:&#x2F;&#x2F;duckdb.org&#x2F;2022&#x2F;09&#x2F;30&#x2F;postgres-scanner.html#parallelization"" rel=""nofollow noreferrer"">https:&#x2F;&#x2F;duckdb.org&#x2F;2022&#x2F;09&#x2F;30&#x2F;postgres-scanner.html#parallel...</a>)<p>For CDC, we don’t use Debezium, rather handle replication more natively—reading the slot, replicating the changes, keeping state etc. We made this choice mainly for flexibility. Staying native helps us use existing and future Postgres enhancements more effectively. For example, if the order of rows across tables on the target is not important, we can parallelize reading of a single slot across multiple tables and improve performance. Our architecture is designed for real-time syncs, which enables data-freshness of a few 10s of seconds even at large throughputs (10k+ tps).<p>We have fault tolerance mechanisms for reliability (<a href=""https:&#x2F;&#x2F;blog.peerdb.io&#x2F;using-temporal-to-scale-data-synchronization-at-peerdb"">https:&#x2F;&#x2F;blog.peerdb.io&#x2F;using-temporal-to-scale-data-synchron...</a>) and support multiple features including log-based (CDC) &#x2F; query based streaming, efficient syncing of tables with large (TOAST) columns, configurable batching and parallelism to prevent OOMs and crashes etc.<p>For usability - we provide a Postgres compatible SQL layer for data-movement. This makes the life of data engineers much easier. They can develop pipelines using a framework they are familiar with, without needing to deal with custom UIs and REST APIs. They can use Postgres&#x27; 100s of integrations to build and manage ETL. We extend Postgres&#x27; SQL grammar with a few new intuitive SQL commands to enable real-time data streaming across stores. Because of this, we were able to add dbt integration via Dagster (in private preview) in a few hours! We expect data-engineers to unravel similar integrations with PeerDB easily, and plan to make this grammar richer as we evolve.<p>PeerDB consists of the following components to handle data replication: (1) PeerDB Server uses the pgwire protocol to mimic a PostgreSQL server, responsible for query routing and generating gRPC requests to the Flow API. It relies on AST analysis to make informed decisions on routing. (2) Flow API: an API layer that deals with gRPC commands, orchestrating the data sync operations; (3) Flow Workers execute the data read-write operations from the source to the destination. Built to scale horizontally, they interact with Temporal for increased resilience. The types of data replication supported include CDC streaming replication and query-based batch replication. Workers do all of the heavy lifting, and have data store specific optimizations.<p>Currently we support 6 target data stores (BigQuery, Snowflake, Postgres, S3, Kafka etc) for data movement from Postgres. This doc captures the current status of the connectors: <a href=""https:&#x2F;&#x2F;docs.peerdb.io&#x2F;sql&#x2F;commands&#x2F;supported-connectors"">https:&#x2F;&#x2F;docs.peerdb.io&#x2F;sql&#x2F;commands&#x2F;supported-connectors</a>.<p>As we spoke to more customers, we realized that getting data into PostgreSQL at scale is equally important and hard. For example one of our customers wants to periodically sync data in multiple SQL Server instances (running on the edge) to their centralized Postgres database. Requests for Oracle to Postgres migrations are also common. So now we’re also supporting source data stores with Postgres as the target (currently SQL Server and Postgres itself, with more to come).<p>We are actively working with customers to onboard them to our self-hosted enterprise offering. Our fully hosted offering on the cloud is in private preview. We haven’t yet decided on the pricing. One common concern we’ve heard from customers is that existing tools are expensive and charge based on the amount of data transferred. To address this, we are considering a more transparent way of pricing—for example, pricing based on provisioned hardware (cpu, memory, disk). We’re open for feedback on this!<p>Check out our github repo - <a href=""https:&#x2F;&#x2F;github.com&#x2F;PeerDB-io&#x2F;peerdb"">https:&#x2F;&#x2F;github.com&#x2F;PeerDB-io&#x2F;peerdb</a> and go ahead and give it a spin (5-minute quickstart <a href=""https:&#x2F;&#x2F;docs.peerdb.io&#x2F;quickstart"">https:&#x2F;&#x2F;docs.peerdb.io&#x2F;quickstart</a>).<p>We want to provide the world’s best data-movement experience for Postgres. We would love to get your feedback on product experience, our thesis and anything else that comes to your mind. It would be super useful for us. Thank you!"
49,wawayanda,196.0,36913835,"[36914245, 36919962, 36915342, 36915361, 36914355, 36914236, 36915095, 36914444, 36914636, 36917431, 36915103, 36916293, 36915982, 36917393, 36916303, 36916571, 36915891, 36914233, 36915277, 36914443, 36918837, 36914229, 36915098, 36915250]",285,1690581036,SpaceX punched a hole in the ionosphere,story,https://spaceweatherarchive.com/2023/07/23/spacex-punched-a-hole-in-the-ionosphere/,
50,retro_guy,12.0,36901802,"[36922130, 36920723, 36921531, 36920572]",7,1690503576,Focus bracketing on iPhone for greater depth of field (2020),story,https://camerapixels.app/2020/05/01/focus-stacking-for-macro-photography-using-adobe-photoshop/,
51,dgan,103.0,36914085,"[36914481, 36914925, 36915554, 36921396, 36921533, 36915262, 36915487, 36915206, 36920063, 36915230, 36915160, 36920811, 36914933]",47,1690582536,Electric recumbent bikes are 80 more efficient than EV (2018),story,https://www.lowtechmagazine.com/les-v%C3%A9lomobiles-electriques-aussi-rapides-et-confortables-que-les-automobiles-mais-80-fois-plus-efficaces.html,
52,proberts,382.0,36908574,"[36909763, 36909526, 36914072, 36913463, 36917405, 36909197, 36909560, 36911445, 36909418, 36911375, 36908822, 36914371, 36914731, 36909462, 36908988, 36913008, 36908817, 36908879, 36912367, 36912314, 36908668, 36908723, 36912684, 36909939, 36911238, 36918139, 36912405, 36911918, 36913646, 36909780, 36909421, 36908785, 36909718, 36908792, 36910051, 36908888, 36910716, 36913804, 36911344, 36910269, 36916989, 36910730, 36912207, 36909328, 36916290, 36915686, 36909341, 36917685, 36910976, 36912117, 36915840, 36913351, 36913151, 36914031, 36909298, 36912205, 36910929, 36911182, 36912604, 36910965, 36910790, 36912219, 36909668, 36911381, 36912547, 36911100, 36909446, 36908804, 36910998, 36910564, 36910320, 36909373, 36911071, 36913510, 36911418, 36909092, 36910909, 36913118, 36909314, 36915197, 36914100, 36911893, 36912286, 36912075, 36909864, 36909731, 36913574, 36914122, 36913126, 36911239, 36908851, 36909149, 36908945, 36910761, 36910902, 36909215, 36913404, 36914076, 36908779, 36912735, 36914164, 36912124, 36912665, 36912023, 36911289, 36912837, 36908840, 36912434, 36910621, 36909532, 36910369, 36910181, 36913612, 36913547, 36913307, 36912424, 36912411, 36911823, 36911400, 36911336, 36909406, 36908872, 36911960, 36908678, 36909322, 36908923, 36908794, 36908834]",324,1690559036,"I'm Peter Roberts, immigration attorney who does work for YC and startups. AMA",story,,"Hello HN! It&#x27;s been about 9 months since we&#x27;ve done one of these and it seems like time for another. Previous threads we&#x27;ve done:  <a href=""https:&#x2F;&#x2F;news.ycombinator.com&#x2F;submitted?id=proberts"">https:&#x2F;&#x2F;news.ycombinator.com&#x2F;submitted?id=proberts</a>.<p>I&#x27;ll be here for the next 2-3 hours and then after a break of about 1 hour for another 2-3 hours. As usual, there are many possible topics and I&#x27;ll be guided by whatever you&#x27;re concerned with. Please remember that I can&#x27;t provide legal advice on specific cases for obvious liability reasons because I won&#x27;t have access to all the facts. Please stick to a factual discussion in your questions and comments and I&#x27;ll try to do the same in my answers!"
53,mrLSD-dev,34.0,36915108,"[36921363, 36918540, 36915109, 36917809, 36919081, 36917541, 36916381, 36917100]",127,1690589057,F# RISC-V Instruction Set formal specification,story,https://github.com/mrLSD/riscv-fs,
54,KolmogorovComp,1.0,36920793,[36921455],17,1690641809,How DNS Works (2015),story,https://howdns.works/ep1/,
55,rolph,58.0,36916444,"[36916661, 36917942, 36919682, 36921237, 36917181, 36922230, 36917435, 36917503, 36922419, 36918117, 36920422, 36918030, 36916979, 36921920, 36916970, 36919645, 36920669, 36917567]",135,1690599903,Google Tries to Defend Its Web Environment Integrity Critics Slam It as Danger,story,https://techreport.com/news/google-tries-to-defend-its-web-environment-integrity-as-critics-slam-it-as-dangerous/,
56,todsacerdoti,1.0,36916639,[36921949],20,1690602084,"Erlang, the Unix Way",story,http://blog.syncpup.com/posts/erlang-the-unix-way.html,
57,Anon84,1.0,36904158,[36920927],49,1690531289,System Design for Recommendations and Search,story,https://eugeneyan.com/writing/system-design-for-discovery/,
58,dedalus,15.0,36914612,"[36920862, 36918598, 36919956, 36920770, 36918105, 36919139]",122,1690585757,SQLite-Utils,story,https://sqlite-utils.datasette.io/en/stable/index.html,
59,awiesenhofer,119.0,36904785,"[36915996, 36916812, 36920719, 36916722, 36916862, 36916614, 36917894, 36917387, 36917759, 36917036, 36917758, 36912210, 36919976, 36913962, 36917839, 36916753]",126,1690538082,The Resilience of Costco (2018),story,https://minesafetydisclosures.com/blog/2018/6/18/costco,
60,todsacerdoti,335.0,36900782,"[36911138, 36906252, 36905462, 36906299, 36906000, 36906311, 36903749, 36906460, 36905745, 36906086, 36906262, 36906280, 36905790, 36907240, 36905687, 36907565, 36906089, 36905840, 36907772, 36907967, 36906463, 36905549, 36915042, 36908288, 36906302, 36921892, 36905528]",161,1690495597,List of APIs that require declared reasons,story,https://developer.apple.com/news/?id=z6fu1dcu,
61,Hooke,7.0,36900370,"[36922659, 36915201, 36916943, 36916342, 36916140]",52,1690493139,The dream of the personal machine,story,https://kylechayka.substack.com/p/the-dream-of-the-personal-machine,
62,retskrad,725.0,36906472,"[36912204, 36911903, 36912718, 36906531, 36906877, 36911423, 36906936, 36907014, 36906822, 36911629, 36919299, 36906901, 36912237, 36906778, 36912130, 36906792, 36906977, 36907429, 36912016, 36917587, 36915239, 36906787, 36912500, 36915524, 36917144, 36912200, 36907997, 36912264, 36913299, 36911926, 36911911, 36912714, 36915417, 36909831, 36916752, 36913792, 36907003, 36912216, 36907034, 36906942, 36906812, 36914389, 36912066, 36911371, 36906917, 36906800, 36906933, 36911601]",213,1690550900,"US smartphone shipments fall sharply, but Android more than iPhone",story,https://www.counterpointresearch.com/us-smartphone-shipments-q2-2023/,
63,anderiv,312.0,36888954,"[36889237, 36896026, 36890730, 36894904, 36889532, 36889217, 36890206, 36890682, 36893134, 36905986, 36892149, 36890202, 36900509, 36889510, 36889238, 36891020, 36890327]",540,1690432436,Tarsnap outage postmortem,story,https://mail.tarsnap.com/tarsnap-announce/msg00050.html,
64,vvoruganti,80.0,36908265,"[36910429, 36918843, 36909343, 36921940, 36911510, 36909737, 36909941, 36911787, 36911175, 36909332, 36909279, 36910828, 36915812, 36909588, 36913491, 36912400, 36912836, 36913807, 36917355, 36909129, 36914946, 36913586, 36913877, 36914068, 36909592, 36909969, 36917213, 36911460, 36911690, 36909189, 36909768, 36909727, 36909064, 36912061, 36911640, 36909417, 36909438]",241,1690557959,Flash Museum,story,https://flashmuseum.org/,
65,signa11,0.0,36917923,,16,1690617113,Finding bugs in C code with Multi-Level IR and VAST,story,https://blog.trailofbits.com/2023/06/15/finding-bugs-with-mlir-and-vast/,
66,blackbrokkoli,27.0,36913829,"[36921855, 36919476, 36920178, 36918323, 36917704, 36921775, 36913921, 36916099, 36920534, 36919222, 36915002, 36919120, 36915924, 36915211, 36919723, 36915592]",32,1690581005,Show HN: I made a little tool to practice country positions on the world map,story,https://learn-worldmap.netlify.app/,"Hi HN,<p>I built a little tool to help me get better at remembering country locations on the map: <a href=""https:&#x2F;&#x2F;learn-worldmap.netlify.app&#x2F;"" rel=""nofollow noreferrer"">https:&#x2F;&#x2F;learn-worldmap.netlify.app&#x2F;</a><p>It&#x27;s made from plain HTML&#x2F;CSS&#x2F;JS, and not intended to make any money or anything. Just thought that maybe someone else may enjoy it. Also of course happy about any feedback!<p>Cheerz."
67,Anon84,1.0,36917466,[36921354],8,1690611728,Computer Scientists Discover Limits of Gradient Descent,story,https://www.quantamagazine.org/computer-scientists-discover-limits-of-major-research-algorithm-20210817/,
68,werner,156.0,36894932,"[36900147, 36900472, 36900533, 36900685, 36901991, 36902438, 36900921, 36900304, 36901075, 36901114, 36904777, 36900712, 36903973, 36902782, 36903695, 36902584, 36914110, 36912165, 36906465, 36901982, 36900429, 36904039, 36902038]",763,1690471235,Building and operating a pretty big storage system called S3,story,https://www.allthingsdistributed.com/2023/07/building-and-operating-a-pretty-big-storage-system.html,
69,gmays,78.0,36909673,"[36913183, 36912245, 36911609, 36911109, 36915731, 36912925, 36913777, 36915107, 36911275]",156,1690562958,An ultra-sensitive on-off switch helps axolotls regrow limbs,story,https://scopeblog.stanford.edu/2023/07/26/how-an-ultra-sensitive-on-off-switch-helps-axolotls-regrow-limbs/,
70,spansoa,76.0,36911481,"[36913742, 36915083, 36914010, 36914225, 36918144, 36919928, 36917792, 36913581, 36913791, 36911784, 36913374, 36915270, 36914872, 36917465]",150,1690570406,Tremor – The React library to build dashboards fast,story,https://www.tremor.so/,
71,mfiguiere,6.0,36918719,"[36919603, 36919469, 36921209, 36919582]",40,1690626244,Apple demands app makers explain use of sensitive APIs,story,https://www.theregister.com/2023/07/29/apple_developer_api/,
72,KolmogorovComp,5.0,36913569,"[36921720, 36921259, 36916919, 36916107, 36916791]",108,1690579499,Mess with DNS,story,https://messwithdns.net,
73,thunderbong,52.0,36912979,"[36914399, 36914171, 36916627, 36916882, 36914209, 36916617, 36919718, 36917341, 36914541, 36914136, 36917047, 36917180, 36915091, 36917070, 36913845, 36915017, 36919251, 36915994, 36916771]",84,1690576706,Real-time monitoring of aerosols generated from toilet flushing,story,https://www.microbiologyresearch.org/content/journal/acmi/10.1099/acmi.fis2019.po0192,
74,pwmtr,375.0,36913268,"[36914016, 36914983, 36917597, 36920586, 36913847, 36917715, 36914887, 36915423, 36915143, 36913961, 36913722, 36919777, 36915802, 36914217, 36913770, 36917318, 36919906, 36917376, 36913759, 36913968, 36917695, 36918888, 36918252, 36915881, 36917633, 36915737, 36913768, 36916256, 36919424, 36915995, 36914619, 36913880, 36915222, 36916178, 36917645, 36915036, 36914915, 36914145, 36918254, 36914133, 36914044, 36913769, 36915663, 36916032, 36914810, 36914722, 36916228, 36914741, 36914583, 36913318, 36914234, 36919087, 36920308]",581,1690578101,The U.K. government is close to eroding encryption worldwide,story,https://www.eff.org/deeplinks/2023/07/uk-government-very-close-eroding-encryption-worldwide,
75,ughitsaaron,8.0,36891873,"[36912712, 36917724, 36913911, 36914086, 36912348]",34,1690456560,Yerkes Observatory: Restoring the World’s Largest Refracting Telescope,story,https://www.grainger.com/know-how/inspiration/kh-yerkes-observatory-restoring-worlds-largest-refracting-telescope,
76,imadkhan,1005.0,36901303,"[36904700, 36906841, 36903624, 36906415, 36903508, 36904645, 36904043, 36903828, 36901385, 36902394, 36902744, 36903551, 36906386, 36904822, 36904622, 36903102, 36903769, 36903766, 36902941, 36904403, 36903199, 36905609, 36903643, 36904677, 36905393, 36905683, 36901404, 36903785, 36903966, 36908940, 36904032, 36903544, 36905937, 36903650, 36903806, 36908111, 36903851, 36907392, 36903816, 36902434, 36908150, 36903372, 36904010, 36910017, 36908457, 36907078, 36916815, 36909849, 36906283, 36908463, 36903627, 36907742, 36903919, 36904220, 36904931, 36903380, 36901419, 36912304, 36906031, 36911836, 36916052, 36905614, 36905849, 36904643, 36906679, 36905326, 36904411, 36905851, 36905607, 36904027, 36906718, 36911392, 36906095, 36902357, 36905642, 36905538, 36908543, 36915204, 36907121, 36909572, 36903874, 36904542, 36906344, 36902974, 36905426, 36906308, 36902448, 36906608, 36904765, 36905529, 36904802, 36904491, 36906444, 36903664, 36902280, 36901965, 36906712, 36907757, 36907073, 36902803, 36907099, 36903621, 36905613, 36904099, 36903164, 36904352, 36906493, 36903684, 36905143, 36906881, 36903151, 36902208, 36907007, 36907406, 36906528, 36903694, 36905638, 36915942, 36902679, 36908346, 36906448, 36906143, 36906067, 36905653, 36905202, 36904518, 36904092, 36903891, 36903762, 36903667, 36903529, 36902983, 36905111, 36921890, 36904502, 36909266, 36906409, 36905234, 36903020, 36901585, 36904581, 36903537, 36904605, 36904750]",671,1690499386,"Ask HN: Is the market bad, or am I having the worst luck job hunting?",story,,"I got laid off at the start of the year, and ever since then, I&#x27;ve been applying constantly but have only gotten one interview. Before being laid off, I held a job as a front-end dev for the previous 5 and a half years.<p>I&#x27;ve had my resume looked at by three different services (TopResume, Indeed, Levels.fyi) and am currently subscribed to Resume Worded, which scores my resume. Despite all these efforts, I keep receiving rejection emails.<p>So, I just wanted to reach out and see if anyone else has had any similar experiences with applying for jobs."
77,jsnell,116.0,36904080,"[36905896, 36905532, 36906859, 36905591, 36905646, 36905536, 36907831, 36908907, 36907408, 36906253, 36905595, 36908352, 36906461, 36905948, 36908058, 36909062, 36906497, 36913793, 36907628, 36906174, 36910726, 36905506, 36911059, 36905510, 36914758]",279,1690530493,Environmental Discs of Tron Roadside Pickup,story,https://arcadeblogger.com/2023/07/22/environmental-discs-of-tron-roadside-pickup/,
78,mutant_glofish,16.0,36917089,"[36917237, 36917279, 36918679, 36920099, 36918042, 36918826, 36919895, 36918481, 36918231, 36918657, 36917243]",61,1690606548,Is everything we eat associated with cancer? A systematic cookbook review (2013),story,https://pubmed.ncbi.nlm.nih.gov/23193004/,
79,rcarmo,5.0,36918582,"[36920418, 36920028]",27,1690624626,Would We Recognize Extraterrestrial Technology If We Saw It?,story,https://hackaday.com/2023/07/28/would-we-recognize-extraterrestrial-technology-if-we-saw-it/,
80,skinner_,4.0,36913444,"[36918295, 36917631]",35,1690578968,Mathematicians Solve Long-Standing Coloring Problem,story,https://www.quantamagazine.org/mathematicians-break-bounds-in-coloring-problem-20230719/,
81,longdefeat,36.0,36902378,"[36917423, 36913233, 36913108, 36918771, 36918436, 36913230, 36912485, 36912025]",67,1690509598,"Out of the crooked timber of humanity, no straight thing was ever made",story,https://theconvivialsociety.substack.com/p/embrace-your-crookedness,
82,luu,2.0,36901711,"[36920382, 36917449]",15,1690502724,A review of one puzzle from Quern: Undying Thoughts,story,https://novalis.org/blog/2023-07-26-a-review-of-one-puzzle-from-quern-undying-thoughts-.html,
83,mfiguiere,0.0,36920656,,7,1690640922,Forget subtitles: YouTube now dubs videos with AI-generated voices,story,https://restofworld.org/2023/youtube-ai-dubbing-automated-translation/,
84,t1tech,153.0,36906140,"[36906150, 36908242, 36909113, 36915577, 36907734, 36908499, 36907950, 36911762, 36907718, 36911560, 36910274, 36909680, 36907592, 36911312, 36908286, 36910449, 36907388, 36907759, 36908703, 36911850, 36907446, 36908284, 36911652, 36908212]",175,1690549198,Cophone – Mobile work phones running in the cloud,story,https://cophone.io/,
85,remywang,118.0,36889656,"[36905874, 36910034, 36905871, 36904796, 36921798, 36912048, 36904986, 36909248, 36922068, 36905487, 36904879, 36912461, 36907365, 36906908, 36910988, 36905012, 36905807, 36911649, 36906345, 36907661, 36907345, 36906010, 36913472, 36914816, 36911937, 36911236, 36905084, 36907166, 36906293, 36904836, 36906053, 36914801, 36905655, 36913708, 36909128, 36908537, 36905691, 36905398]",261,1690438932,How to check if two SQL tables are the same,story,https://github.com/remysucre/blog/blob/main/posts/sql-eq.md,
86,eimrine,1.0,36922361,[36922683],5,1690650982,Ask HN: Who is your favourite living philosopher?,story,,"Which living philosopher has changed the world the most? Which of the living philosophers is the most truthful, at least in theory? What should a person do in 2023 for you to recognize him as a philosopher?"
87,lardass,15.0,36913103,"[36920443, 36920077, 36916548, 36916677, 36919475, 36920884, 36914291, 36917407, 36918176, 36914065]",47,1690577308,Wordward Draw,story,https://managore.itch.io/wordward-draw,
88,optimalsolver,58.0,36903862,"[36909896, 36912323, 36910401, 36909959, 36914736]",150,1690528238,"Pyro: A universal, probablistic programming language",story,https://pyro.ai/,
89,carride,253.0,36896034,"[36896742, 36919758, 36901399, 36919640, 36906050, 36900272, 36897460, 36896499, 36897630, 36898313, 36898136, 36901632, 36908587, 36897588, 36897203, 36896825, 36896612, 36902207, 36898527, 36898051, 36896746, 36903781, 36898417, 36898250, 36905465, 36898789, 36898478, 36898127, 36898029, 36897110, 36905782, 36897698, 36901967, 36898117, 36898148, 36902577, 36897075, 36897524, 36897948, 36897546, 36897690, 36896688, 36902036]",671,1690475254,BlazingMQ: High-performance open source message queuing system,story,https://bloomberg.github.io/blazingmq/,
90,etiam,470.0,36881808,"[36883888, 36885387, 36884738, 36888471, 36885217, 36881909, 36883934, 36886672, 36891929, 36898795, 36883598, 36884258, 36886525, 36890379, 36884183, 36894074, 36892636, 36887972, 36883877, 36884048, 36884309, 36888268, 36883753, 36889029, 36889558, 36883964, 36886535, 36885444, 36893463, 36885748, 36890839, 36890982, 36893868, 36888814, 36883833, 36886217, 36890043, 36889327, 36884735, 36889730, 36884711, 36883933, 36886240, 36886220, 36888633, 36913624, 36918913, 36886726, 36883905]",1207,1690393590,"Superconductor news: What’s claimed, and how strong the evidence seems to be",story,https://www.science.org/content/blog-post/breaking-superconductor-news,
91,thunderbong,138.0,36917561,"[36917753, 36917793, 36918199, 36921470, 36918925, 36919300, 36918356, 36917843]",161,1690612884,"Hugging Face, GitHub and more unite to defend open source in EU AI legislation",story,https://venturebeat.com/ai/hugging-face-github-and-more-unite-to-defend-open-source-in-eu-ai-legislation/,
92,caiobegotti,257.0,36892970,"[36893821, 36895166, 36893648, 36895616, 36894163, 36898222, 36896181, 36893496, 36893606, 36893309, 36893427, 36894261, 36899225, 36893398, 36896306, 36899929, 36893684, 36893310, 36893712, 36893842, 36897145, 36899973, 36903507, 36893833, 36894359, 36899529, 36894164, 36899675, 36899858, 36894537, 36893958, 36896637, 36893670, 36893200, 36897465, 36899634, 36893471, 36898794, 36893364, 36893578, 36895902, 36896003, 36893266, 36898431, 36894858, 36898101, 36899021]",622,1690463801,Wavy walls use fewer bricks than a straight wall (2020),story,https://twistedsifter.com/2020/06/how-wavy-crinkle-crankle-walls-use-less-bricks-than-straight-walls/,
93,Alifatisk,5.0,36914888,"[36919422, 36922326, 36916041]",23,1690587602,Mint – language created for writing single-page applications,story,https://mint-lang.com/,
94,Tomte,0.0,36917596,,4,1690613358,St Francis of Assisi,story,https://www.lrb.co.uk/the-paper/v45/n15/mary-wellesley/at-the-national-gallery,
95,MadcapJake,132.0,36907674,"[36908524, 36908495, 36909376, 36908098, 36912702, 36908388, 36920748, 36918260, 36908771, 36908331, 36908426, 36908590, 36908844, 36908216, 36908604, 36916935, 36913084, 36909284, 36908379, 36908538, 36908511, 36908513, 36908308, 36912679]",107,1690556082,Rain Panels: Harvesting the energy of falling raindrops,story,https://thedebrief.org/forget-solar-panels-here-come-rain-panels/,
96,Brajeshwar,0.0,36920921,,5,1690642800,"For the first time ever, NASA scientists are taking UFOs seriously",story,https://www.bbc.com/future/article/20230726-the-weird-incidents-piquing-nasas-interest,
97,Tomte,54.0,36903282,"[36915038, 36914674, 36916662, 36915285, 36915365, 36916172, 36916430, 36914354, 36915814, 36915525, 36914336]",74,1690520862,Glass Dip Pens (2022),story,https://neonaut.neocities.org/microblog/2022/glass-dip-pens,
98,trevin,368.0,36910256,"[36910729, 36910568, 36910804, 36910850, 36910923, 36911193, 36910985, 36910633, 36914125, 36920558, 36911859, 36912717, 36911725, 36910977, 36910639, 36911673, 36910872, 36912155, 36911523, 36916215, 36911905, 36912768, 36911559, 36914306, 36911338, 36912354, 36914131, 36913989, 36910662, 36913874, 36918150, 36913122, 36911399, 36911295, 36913932, 36910983, 36913429, 36912517, 36912009, 36913058, 36912310, 36917841, 36914524, 36912864]",429,1690565321,Play deprivation is a major cause of the teen mental health crisis,story,https://jonathanhaidt.substack.com/p/the-play-deficit,
99,stevefan1999,10.0,36902877,"[36904489, 36903641, 36905439, 36905884]",59,1690515146,Implementing Fast Barriers for a Shared-Memory Cluster of 1024 RISC-V Cores,story,https://semiengineering.com/implementing-fast-barriers-for-a-shared-memory-cluster-of-1024-risc-v-cores/,
